{"cameraMode":{"drawMode":0,"name":"Shaded","section":"Shading Mode"},"sceneLighting":false,"audioPlay":false,"sceneViewState":{"m_AlwaysRefresh":false,"showFog":true,"showSkybox":false,"showFlares":true,"showImageEffects":true,"showParticleSystems":true,"showVisualEffectGraphs":true,"m_FxEnabled":true},"in2DMode":false,"pivot":{"x":-0.27393174171447756,"y":1.6058024168014527,"z":0.5646538138389587},"rotation":{"x":-0.2790191173553467,"y":-0.4512560963630676,"z":0.15096639096736909,"w":-0.8341364860534668},"size":1.0667330026626588,"orthographic":false}