{"cameraMode":{"drawMode":0,"name":"Shaded","section":"Shading Mode"},"sceneLighting":false,"audioPlay":false,"sceneViewState":{"m_AlwaysRefresh":false,"showFog":true,"showSkybox":false,"showFlares":true,"showImageEffects":true,"showParticleSystems":true,"showVisualEffectGraphs":true,"m_FxEnabled":true},"in2DMode":false,"pivot":{"x":0.08040070533752442,"y":1.8061695098876954,"z":1.3421761989593506},"rotation":{"x":-0.4617268443107605,"y":-0.034036025404930118,"z":0.01776539720594883,"w":-0.8862269520759583},"size":0.9063704013824463,"orthographic":false}